Откуда;Куда;Км;OSRM, мин;Яндекс, мин;Ссылка
55.711844,37.770837;55.736741,37.708563;7.37;11.7;;https://yandex.ru/maps/?rtext=55.7118436,37.7708367~55.7367411,37.7085631&rtt=auto
55.754236,37.708840;55.698118,37.778604;12.06;15.0;;https://yandex.ru/maps/?rtext=55.7542357,37.7088399~55.6981178,37.7786035&rtt=auto
55.776862,37.704683;55.732455,37.718699;7.68;11.9;;https://yandex.ru/maps/?rtext=55.7768615,37.7046831~55.7324552,37.7186987&rtt=auto
55.727968,37.777224;55.700066,37.819357;6.02;9.8;;https://yandex.ru/maps/?rtext=55.7279678,37.7772242~55.7000662,37.8193568&rtt=auto
55.754236,37.708840;55.731415,37.759554;6.96;10.3;;https://yandex.ru/maps/?rtext=55.7542357,37.7088399~55.7314152,37.759554&rtt=auto
55.727030,37.765960;55.698497,37.737800;6.16;9.1;;https://yandex.ru/maps/?rtext=55.7270299,37.7659603~55.6984967,37.7377998&rtt=auto
55.740895,37.684580;55.769391,37.715700;5.61;8.9;;https://yandex.ru/maps/?rtext=55.740895,37.6845796~55.7693914,37.7156999&rtt=auto
55.733370,37.747173;55.714359,37.789796;9.17;14.0;;https://yandex.ru/maps/?rtext=55.7333702,37.7471726~55.714359,37.7897959&rtt=auto
55.745619,37.677768;55.714471,37.769522;9.74;13.6;;https://yandex.ru/maps/?rtext=55.7456189,37.6777676~55.7144711,37.7695221&rtt=auto
55.743175,37.687843;55.732455,37.718699;3.54;8.0;;https://yandex.ru/maps/?rtext=55.7431752,37.6878434~55.7324552,37.7186987&rtt=auto
55.737478,37.694462;55.770292,37.714765;6.38;9.9;;https://yandex.ru/maps/?rtext=55.7374783,37.6944616~55.770292,37.7147651&rtt=auto
55.715001,37.740197;55.714471,37.769522;2.73;4.7;;https://yandex.ru/maps/?rtext=55.7150007,37.7401969~55.7144711,37.7695221&rtt=auto
55.698118,37.778604;55.717640,37.779401;3.58;5.7;;https://yandex.ru/maps/?rtext=55.6981178,37.7786035~55.7176399,37.7794008&rtt=auto
55.697703,37.812685;55.769391,37.715700;13.75;18.2;;https://yandex.ru/maps/?rtext=55.6977027,37.8126854~55.7693914,37.7156999&rtt=auto
55.697285,37.736577;55.736741,37.708563;6.80;10.2;;https://yandex.ru/maps/?rtext=55.6972845,37.7365767~55.7367411,37.7085631&rtt=auto
55.776862,37.704683;55.717640,37.779401;11.70;16.1;;https://yandex.ru/maps/?rtext=55.7768615,37.7046831~55.7176399,37.7794008&rtt=auto
55.727030,37.765960;55.758689,37.657150;10.16;15.0;;https://yandex.ru/maps/?rtext=55.7270299,37.7659603~55.7586892,37.6571501&rtt=auto
55.703974,37.813063;55.732503,37.717802;8.29;12.3;;https://yandex.ru/maps/?rtext=55.703974,37.8130634~55.732503,37.7178025&rtt=auto
55.702929,37.737815;55.721323,37.793512;5.31;8.0;;https://yandex.ru/maps/?rtext=55.7029289,37.7378149~55.7213231,37.7935117&rtt=auto
55.706885,37.743199;55.698118,37.778604;2.95;4.5;;https://yandex.ru/maps/?rtext=55.706885,37.7431987~55.6981178,37.7786035&rtt=auto
55.727030,37.765960;55.698038,37.743838;5.99;9.3;;https://yandex.ru/maps/?rtext=55.7270299,37.7659603~55.6980379,37.7438382&rtt=auto
55.734757,37.673780;55.706885,37.743199;6.84;11.3;;https://yandex.ru/maps/?rtext=55.7347571,37.6737801~55.706885,37.7431987&rtt=auto
55.715001,37.740197;55.733757,37.744568;5.71;8.5;;https://yandex.ru/maps/?rtext=55.7150007,37.7401969~55.7337571,37.7445677&rtt=auto
55.714359,37.789796;55.718455,37.790255;1.55;2.7;;https://yandex.ru/maps/?rtext=55.714359,37.7897959~55.7184554,37.7902547&rtt=auto
55.698038,37.743838;55.711844,37.770837;3.21;5.8;;https://yandex.ru/maps/?rtext=55.6980379,37.7438382~55.7118436,37.7708367&rtt=auto
55.731415,37.759554;55.710308,37.751411;5.45;8.1;;https://yandex.ru/maps/?rtext=55.7314152,37.759554~55.710308,37.7514109&rtt=auto
55.698038,37.743838;55.732503,37.717802;5.47;9.1;;https://yandex.ru/maps/?rtext=55.6980379,37.7438382~55.732503,37.7178025&rtt=auto
55.721323,37.793512;55.717640,37.779401;1.99;3.6;;https://yandex.ru/maps/?rtext=55.7213231,37.7935117~55.7176399,37.7794008&rtt=auto
55.733370,37.747173;55.764799,37.716831;5.60;9.6;;https://yandex.ru/maps/?rtext=55.7333702,37.7471726~55.7647986,37.7168314&rtt=auto
55.713656,37.771948;55.702338,37.782875;3.20;6.2;;https://yandex.ru/maps/?rtext=55.7136559,37.7719481~55.7023381,37.7828754&rtt=auto
