Заявка;Тип заявки BK;Тип заявки HD;Начало;Окончание;Район;Адрес;Гигабитное подключение
25502;Подключение;Заявка на подключение;17.08.2026 10:00;17.08.2026 12:00;Войковский;Город Москва, ул.Адмирала Макарова, д. 12;Нет
65277;Подключение;Конвергенция абонента;17.08.2026 20:00;17.08.2026 22:00;Тимирязевский;Город Москва, ш.Дмитровское, д. 52 к 2;Нет
19156;Подключение;Конвергенция абонента;17.08.2026 12:00;17.08.2026 14:00;Беговой;Город Москва, проезд.2-й Боткинский, д. 7;Нет
31229;Подключение;Конвергенция абонента;17.08.2026 18:00;17.08.2026 20:00;Беговой;Город Москва, ул.Беговая, д. 4с1;Нет
29353;Подключение;Конвергенция абонента;17.08.2026 20:00;17.08.2026 22:00;Аэропорт;Город Москва, ул.Усиевича, д. 25 к 2;Нет
34296;Подключение;Конвергенция абонента;17.08.2026 16:00;17.08.2026 18:00;Головинский;Город Москва, ул.Авангардная, д. 14Б;Нет
91958;Подключение;Конвергенция абонента;17.08.2026 18:00;17.08.2026 20:00;Головинский;Город Москва, ул.Онежская, д. 28/1;Нет
53932;Подключение;Конвергенция абонента;17.08.2026 10:00;17.08.2026 12:00;Аэропорт;Город Москва, ул.Планетная, д. 8;Нет
45969;Подключение;Конвергенция абонента;17.08.2026 12:00;17.08.2026 14:00;Аэропорт;Город Москва, проезд.1-й Амбулаторный, д. 7кБ;Нет
48249;Подключение;Конвергенция абонента;17.08.2026 10:00;17.08.2026 12:00;Аэропорт;Город Москва, ул.Усиевича, д. 11;Нет
30029;Подключение;Конвергенция абонента;17.08.2026 12:00;17.08.2026 14:00;Аэропорт;Город Москва, ул.Усиевича, д. 2;Нет
85621;Подключение;Конвергенция абонента;17.08.2026 16:00;17.08.2026 18:00;Левобережный;Город Москва, проезд.Валдайский, д. 6;Нет
38771;Подключение;Конвергенция абонента;17.08.2026 14:00;17.08.2026 16:00;Хорошевский;Город Москва, ш.Хорошёвское, д. 9;Нет
63141;Подключение;Конвергенция абонента;17.08.2026 10:00;17.08.2026 12:00;Войковский;Город Москва, ш.Ленинградское, д. 45с1;Нет
51899;Подключение;Конвергенция абонента;17.08.2026 12:00;17.08.2026 14:00;Сокол;Город Москва, ул.2-я Песчаная, д. 6 к 2;Нет
67914;Подключение;Конвергенция абонента;17.08.2026 12:00;17.08.2026 14:00;Войковский;Город Москва, пер.Вокзальный, д. 7 к 2;Нет
20056;Подключение;Конвергенция абонента;17.08.2026 18:00;17.08.2026 20:00;Беговой;Город Москва, пр-кт.Ленинградский, д. 16с3;Нет
25706;Подключение;Конвергенция абонента;17.08.2026 20:00;17.08.2026 22:00;Хорошевский;Город Москва, проезд.1-й Хорошёвский, д. 4 к 1;Нет
49497;Подключение;Заказ подключения/Дозаказ оборудования;17.08.2026 12:00;17.08.2026 14:00;Савеловский;Город Москва, ул.Юннатов, д. 15 к 2;Нет
29842;Подключение;Конвергенция абонента;17.08.2026 14:00;17.08.2026 16:00;Сокол;Город Москва, ул.Новопесчаная, д. 23 к 1;Нет
53231;Подключение;Заявка на подключение;17.08.2026 18:00;17.08.2026 20:00;Коптево;Город Москва, ул.Клары Цеткин, д. 28с8;Нет
51549;Подключение;Заказ подключения/Дозаказ оборудования;17.08.2026 10:00;17.08.2026 12:00;Головинский;Город Москва, ул.Авангардная, д. 13;Нет
54220;Подключение;Конвергенция абонента;17.08.2026 10:00;17.08.2026 12:00;Беговой;Город Москва, ул.3-я Ямского Поля, д. 22;Нет
29804;Подключение;Заявка на подключение;17.08.2026 18:00;17.08.2026 20:00;Коптево;Город Москва, б-р.Коптевский, д. 11А;Нет
10663;Подключение;Конвергенция абонента;17.08.2026 12:00;17.08.2026 14:00;Беговой;Город Москва, ул.Скаковая, д. 14;Нет
11856;Подключение;Заказ подключения/Дозаказ оборудования;17.08.2026 12:00;17.08.2026 14:00;Беговой;Город Москва, аллея.Беговая, д. 3с2;Нет
40362;Подключение;Конвергенция абонента;17.08.2026 14:00;17.08.2026 16:00;Сокол;Город Москва, проезд.Светлый, д. 6 к 3;Нет
75146;Подключение;Конвергенция абонента;17.08.2026 14:00;17.08.2026 16:00;Войковский;Город Москва, ул.Космонавта Волкова, д. 15 к 1;Нет
48216;Подключение;Заявка на подключение;17.08.2026 18:00;17.08.2026 20:00;Савеловский;Город Москва, ул.Бутырская, д. 67с4;Нет
16714;Подключение;Заявка на подключение;17.08.2026 18:00;17.08.2026 20:00;Войковский;Город Москва, проезд.Старопетровский, д. 11Бс8;Нет
13276;Подключение;Заявка на подключение;17.08.2026 20:00;17.08.2026 22:00;Хорошевский;Город Москва, ул.Викторенко, д. 12;Нет
91093;Подключение;Заказ подключения/Дозаказ оборудования;17.08.2026 16:00;17.08.2026 18:00;Коптево;Город Москва, ул.Зои и Александра Космодемьянских, д. 35/1;Нет
89292;Подключение;Конвергенция абонента;17.08.2026 12:00;17.08.2026 14:00;Беговой;Город Москва, ул.Расковой, д. 7;Нет
89753;Подключение;Конвергенция абонента;17.08.2026 12:00;17.08.2026 14:00;Сокол;Город Москва, проезд.Светлый, д. 10 к 1;Нет
26708;Подключение;Конвергенция абонента;17.08.2026 18:00;17.08.2026 20:00;Аэропорт;Город Москва, ул.Константина Симонова, д. 8 к 1;Нет
65704;Подключение;Конвергенция абонента;17.08.2026 18:00;17.08.2026 20:00;Аэропорт;Город Москва, ул.Черняховского, д. 11 к 2;Нет
71487;Подключение;Конвергенция абонента;17.08.2026 16:00;17.08.2026 18:00;Хорошевский;Город Москва, ул.Зорге, д. 3;Нет
97417;Подключение;Конвергенция абонента;17.08.2026 18:00;17.08.2026 20:00;Аэропорт;Город Москва, ул.Верхняя Масловка, д. 17;Нет
88941;Дозаказ;Заказ подключения/Дозаказ оборудования;17.08.2026 18:00;17.08.2026 20:00;Сокол;Город Москва, ул.Новопесчаная, д. 23 к 4;Нет
27310;Дозаказ;Конвергенция абонента;17.08.2026 18:00;17.08.2026 20:00;Аэропорт;Город Москва, ул.Верхняя Масловка, д. 5;Нет
83677;Дозаказ;Дозаказ оборудования;17.08.2026 10:00;17.08.2026 12:00;Аэропорт;Город Москва, ул.Красноармейская, д. 2 к 3;Нет
59808;Локальная заявка;Разрывы;17.08.2026 12:00;17.08.2026 14:00;Беговой;Город Москва, ул.Беговая, д. 5;Нет
50682;Локальная заявка;Работа с кабелем;17.08.2026 16:00;17.08.2026 18:00;Беговой;Город Москва, ул.5-я Ямского Поля, д. 27;Нет
95729;Локальная заявка;Переключение на Гбит/с;17.08.2026 14:00;17.08.2026 16:00;Савеловский;Город Москва, пер.Мирской, д. 5;Нет
26019;Локальная заявка;Нет линка;17.08.2026 10:00;17.08.2026 12:00;Коптево;Город Москва, ул.Коптевская, д. 34;Нет
97782;Локальная заявка;Переключение на Гбит/с;17.08.2026 12:00;17.08.2026 14:00;Хорошевский;Город Москва, ул.Куусинена, д. 6 к 5;Нет
99953;Локальная заявка;IP-адрес 169...;17.08.2026 12:00;17.08.2026 14:00;Войковский;Город Москва, ул.Адмирала Макарова, д. 3;Нет
35091;Локальная заявка;Низкая скорость;17.08.2026 12:00;17.08.2026 14:00;Левобережный;Город Москва, ул.Смольная, д. 61 к 1;Нет
37916;Локальная заявка;ТВ. Замена приставки техником;17.08.2026 12:00;17.08.2026 14:00;Сокол;Город Москва, ул.Алабяна, д. 13 к 2;Нет
14114;Локальная заявка;ТВ. Замена приставки техником;17.08.2026 18:00;17.08.2026 20:00;Левобережный;Город Москва, ш.Ленинградское, д. 71Гс2;Нет
91673;Локальная заявка;IP-адрес 169...;17.08.2026 12:00;17.08.2026 14:00;Аэропорт;Город Москва, пр-кт.Ленинградский, д. 74 к 2;Нет
19379;Локальная заявка;Роутер. Замена техническим специалистом;17.08.2026 14:00;17.08.2026 16:00;Беговой;Город Москва, ул.Расковой, д. 16/26 к 3;Нет
26550;Локальная заявка;Разрывы;17.08.2026 14:00;17.08.2026 16:00;Хорошевский;Город Москва, проезд.Аэропорта, д. 3;Нет
91444;Локальная заявка;Нет линка;17.08.2026 18:00;17.08.2026 20:00;Сокол;Город Москва, ул.Алабяна, д. 3 к 1;Нет
75602;Локальная заявка;Рост ошибок на порту;17.08.2026 16:00;17.08.2026 18:00;Сокол;Город Москва, ул.Новопесчаная, д. 13 к 4;Нет
32510;Локальная заявка;Рост ошибок на порту;17.08.2026 20:00;17.08.2026 22:00;Тимирязевский;Город Москва, ул.Прянишникова, д. 19Ас14;Нет
39361;Локальная заявка;Разрывы;17.08.2026 10:00;17.08.2026 12:00;Беговой;Город Москва, пр-кт.Ленинградский, д. 37Ас32;Нет
88075;Локальная заявка;Разрывы;17.08.2026 20:00;17.08.2026 22:00;Хорошевский;Город Москва, пр-кт.Ленинградский, д. 45Г к 45;Нет
82247;Локальная заявка;Нет линка;17.08.2026 10:00;17.08.2026 12:00;Беговой;Город Москва, ул.Беговая, д. 32;Нет
77054;Локальная заявка;Разрывы;17.08.2026 18:00;17.08.2026 20:00;Беговой;Город Москва, ул.Поликарпова, д. 14 к 1;Нет
19522;Локальная заявка;Нет линка;17.08.2026 10:00;17.08.2026 12:00;Сокол;Город Москва, ул.Константина Царёва, д. 18;Нет
30378;Локальная заявка;Рост ошибок на порту;17.08.2026 14:00;17.08.2026 16:00;Коптево;Город Москва, проезд.4-й Новомихалковский, д. 12А;Нет
19009;Локальная заявка;IP-адрес 169...;17.08.2026 18:00;17.08.2026 20:00;Беговой;Город Москва, ул.Расковой, д. 26/29;Нет
41918;Локальная заявка;Нет линка;17.08.2026 10:00;17.08.2026 12:00;Коптево;Город Москва, ул.Большая Академическая, д. 59/1кА;Нет
73728;Локальная заявка;Переключение на Гбит/с;17.08.2026 16:00;17.08.2026 18:00;Тимирязевский;Город Москва, ш.Дмитровское, д. 9;Нет
95930;Локальная заявка;Работа с кабелем;17.08.2026 10:00;17.08.2026 12:00;Аэропорт;Город Москва, ул.Планетная, д. 29;Нет
70795;Локальная заявка;Нет линка;17.08.2026 12:00;17.08.2026 14:00;Головинский;Город Москва, ул.Онежская, д. 2 к 1;Нет
61626;Локальная заявка;Рост ошибок на порту;17.08.2026 14:00;17.08.2026 16:00;Аэропорт;Город Москва, проезд.Шебашёвский, д. 4 к 2;Нет
45138;Локальная заявка;Работа с кабелем;17.08.2026 14:00;17.08.2026 16:00;Беговой;Город Москва, пр-кт.Ленинградский, д. 26 к 2;Да
73615;Глобальная проблема;Информация;17.08.2026 12:00;17.08.2026 14:00;Войковский;Город Москва, ул.Адмирала Макарова, д. 45;Нет
68175;Глобальная проблема;Авария;17.08.2026 20:00;17.08.2026 22:00;Хорошевский;Город Москва, ул.Поликарпова, д. 23А к 15;Нет
37329;Глобальная проблема;Авария;17.08.2026 12:00;17.08.2026 14:00;Аэропорт;Город Москва, пр-кт.Ленинградский, д. 76 к 3;Нет
96692;Глобальная проблема;Авария;17.08.2026 10:00;17.08.2026 12:00;Аэропорт;Город Москва, аллея.Петровско-Разумовская, д. 12Ас6;Нет
Адрес офиса;г. Москва, ул.8 Марта, д. 1с19
