Бригада;Транспорт;Навыки;Старт
Бригада 1;Общ. транспорт;Ремонт, Подключение и дозаказ;
Бригада 2;Авто;Ремонт, Подключение и дозаказ, Аварии;
Бригада 3;Общ. транспорт;Ремонт, Подключение и дозаказ;
Бригада 4;Общ. транспорт;Ремонт, Подключение и дозаказ;
Бригада 5;Авто;Ремонт, Подключение и дозаказ, Аварии;
Бригада 6;Авто;Ремонт, Подключение и дозаказ;
Бригада 7;Велосипед;Подключение и дозаказ, Аварии;
Бригада 8;Общ. транспорт;Ремонт, Аварии;
Бригада 9;Общ. транспорт;Ремонт, Подключение и дозаказ;
Бригада 10;Авто;Ремонт, Подключение и дозаказ;
Бригада 11;Общ. транспорт;Ремонт, Подключение и дозаказ;
Бригада 12;Общ. транспорт;Ремонт, Подключение и дозаказ;
